{
    "2": [
        [
            66.88679106364171,
            55.15434936484856
        ],
        [
            249.99346587993847,
            152.8856336582861
        ]
    ],
    "3": [
        [
            52.61428092700272,
            43.932482638888786
        ],
        [
            301.60267215740106,
            175.67956760466703
        ],
        [
            140.1720528001553,
            104.9496088517907
        ]
    ],
    "4": [
        [
            52.794405597275336,
            42.64339160408703
        ],
        [
            156.82812310307156,
            86.26222411071991
        ],
        [
            85.28430393586004,
            165.975834548105
        ],
        [
            306.2776637341153,
            178.92338709677415
        ]
    ],
    "5": [
        [
            116.80628029034062,
            65.1375790061418
        ],
        [
            214.78967275818113,
            126.45943688907778
        ],
        [
            79.78751196172247,
            162.57651453809353
        ],
        [
            340.6658863275038,
            196.13298887122426
        ],
        [
            45.50077720459423,
            40.08637434300167
        ]
    ],
    "6": [
        [
            90.73858500874128,
            54.99480113636365
        ],
        [
            241.21717986030262,
            145.95130384167635
        ],
        [
            79.68503368263471,
            163.55993263473061
        ],
        [
            354.9147170756133,
            203.0859238858288
        ],
        [
            40.180905706474604,
            38.328799953463935
        ],
        [
            158.9815058069684,
            86.30450740889067
        ]
    ],
    "7": [
        [
            93.70074360960498,
            55.135560473608514
        ],
        [
            260.5689710942876,
            141.1747935306263
        ],
        [
            63.98781250000005,
            144.89064873417726
        ],
        [
            364.19402744630065,
            208.9311336515514
        ],
        [
            40.753993061578754,
            37.575104365423435
        ],
        [
            163.80828257191206,
            87.77462563451778
        ],
        [
            165.23989779874216,
            194.56362421383648
        ]
    ],
    "8": [
        [
            94.96010097532991,
            55.05042914515205
        ],
        [
            277.43710802858334,
            142.2980285834384
        ],
        [
            369.6699456521739,
            215.1787839673914
        ],
        [
            41.81580901355215,
            33.824891900409604
        ],
        [
            83.00736553238198,
            176.68893523600445
        ],
        [
            199.12570709893797,
            166.8700558971493
        ],
        [
            163.85467106710675,
            85.66628382838283
        ],
        [
            41.43311033274971,
            89.60887215411559
        ]
    ],
    "9": [
        [
            89.98177580849352,
            52.742420301530686
        ],
        [
            249.32470036689762,
            125.3521239298818
        ],
        [
            349.8706086956521,
            178.25421195652177
        ],
        [
            40.63918594687261,
            33.426754333926475
        ],
        [
            81.72293296089384,
            175.8155363128492
        ],
        [
            195.49071577484364,
            178.468617095205
        ],
        [
            153.66644444444447,
            83.20937575757576
        ],
        [
            41.22898220640584,
            89.86496441281139
        ],
        [
            359.3559000000001,
            335.0171333333333
        ]
    ],
    "10": [
        [
            122.51314168743328,
            68.59055001779993
        ],
        [
            276.5844754924415,
            150.64814017407235
        ],
        [
            371.01428798727136,
            181.52072394590294
        ],
        [
            35.99121297944676,
            32.0219024113933
        ],
        [
            82.04851558073653,
            176.24050424929183
        ],
        [
            192.40981395348837,
            179.20993023255812
        ],
        [
            189.04453300124538,
            96.12042029887921
        ],
        [
            41.647746478873366,
            91.6082023721275
        ],
        [
            356.9563513513514,
            336.0748648648648
        ],
        [
            73.49473017683972,
            45.81687849401028
        ]
    ]
}