{
    "2": [
        [
            37.40305819912146,
            31.604719723907124
        ],
        [
            106.99507818863006,
            69.98258103925721
        ]
    ],
    "3": [
        [
            37.35277173913043,
            79.33697931276296
        ],
        [
            38.48622620941601,
            25.792543751104823
        ],
        [
            112.58437867647058,
            68.02158088235294
        ]
    ],
    "4": [
        [
            36.72793457943925,
            81.26702242990652
        ],
        [
            31.7407320299867,
            23.67020174922828
        ],
        [
            74.02769845498135,
            40.68325253063399
        ],
        [
            126.88071471202628,
            79.22956729334526
        ]
    ],
    "5": [
        [
            35.20917402996543,
            80.89508259700344
        ],
        [
            28.899168732370228,
            22.9823010513719
        ],
        [
            97.19632938316622,
            59.07655271953813
        ],
        [
            139.65747000000002,
            86.65896749999999
        ],
        [
            60.53085626102292,
            32.954676366843024
        ]
    ],
    "6": [
        [
            34.768013964313425,
            80.58053335919315
        ],
        [
            51.28497706422018,
            28.512696718419193
        ],
        [
            106.77774656679152,
            73.6156429463171
        ],
        [
            148.9235734870317,
            87.22816282420749
        ],
        [
            81.48643412057177,
            43.19151957737725
        ],
        [
            26.609461430855234,
            22.75417216227018
        ]
    ],
    "7": [
        [
            32.59554788961039,
            79.3419622564935
        ],
        [
            46.861672550750214,
            26.310641659311564
        ],
        [
            109.11302801724142,
            54.5752963362069
        ],
        [
            146.45656622516555,
            87.62785761589402
        ],
        [
            92.77277027027027,
            87.64169316375197
        ],
        [
            25.35145326790087,
            22.65571659602943
        ],
        [
            72.99085637697516,
            40.205735045146724
        ]
    ],
    "8": [
        [
            17.457729844413016,
            45.21445544554456
        ],
        [
            49.47669509594883,
            27.875598953285518
        ],
        [
            110.43812205188682,
            54.19336379716981
        ],
        [
            28.56097444470981,
            19.44668915691425
        ],
        [
            74.92435434516523,
            41.47002906976744
        ],
        [
            147.473169550173,
            87.83581660899654
        ],
        [
            37.11927453027142,
            86.60341075156575
        ],
        [
            96.81935358255451,
            86.59204439252332
        ]
    ],
    "9": [
        [
            28.67426051560382,
            74.07591926729987
        ],
        [
            48.88536001569551,
            27.615586619580146
        ],
        [
            108.32535211267607,
            50.42820422535211
        ],
        [
            28.581248627546657,
            19.308447602781502
        ],
        [
            73.66323735527116,
            41.07051188299817
        ],
        [
            149.75177296886866,
            87.98235003796509
        ],
        [
            50.55471774193548,
            96.6978377016129
        ],
        [
            104.70614700065917,
            82.89791364535265
        ],
        [
            16.02427397260275,
            40.93173150684932
        ]
    ],
    "10": [
        [
            28.780213351686186,
            73.41726428079835
        ],
        [
            47.23330827067669,
            27.0012020182034
        ],
        [
            112.00199369582347,
            48.30089834515367
        ],
        [
            28.153101451120158,
            19.145269857433803
        ],
        [
            71.29762701167559,
            37.39820763647838
        ],
        [
            153.9034835680751,
            89.07667136150236
        ],
        [
            47.63921536796536,
            98.67768398268399
        ],
        [
            115.13915845337378,
            85.27512888551931
        ],
        [
            15.994344713656396,
            40.869457599118945
        ],
        [
            84.84340807174888,
            65.72249626307922
        ]
    ]
}